TaskID,Jitter,BCET,WCET,Period,Deadline,PE
0,100,1057,1762,100000,100000,0
1,100,20127,33546,100000,100000,0
2,100,4758,7930,100000,100000,0
3,100,45049,75082,150000,150000,0
4,100,9331,15552,150000,150000,0
5,100,11755,19593,150000,150000,0
6,100,33577,55963,200000,200000,0
7,100,35075,58459,250000,250000,0
8,100,28924,48208,300000,300000,0
9,100,6583,10972,300000,300000,0
10,100,11979,19966,350000,350000,0
11,100,172422,287371,350000,350000,0
12,100,154380,257301,400000,400000,0
13,100,58414,97358,500000,500000,0
14,100,206925,344876,850000,850000,0
